FidessaVenueID,Kind,SymPrefix,FloorFrom,Up,Down,NameMarker,Rounding,Multiple
TYO-MAIN,abs,,0,30,30,,,
TYO-MAIN,abs,,100,50,50,,,
TYO-MAIN,abs,,200,80,80,,,
TYO-MAIN,abs,,500,100,100,,,
TYO-MAIN,abs,,700,150,150,,,
TYO-MAIN,abs,,1000,300,300,,,
TYO-MAIN,abs,,1500,400,400,,,
TYO-MAIN,abs,,2000,500,500,,,
TYO-MAIN,abs,,3000,700,700,,,
TYO-MAIN,abs,,5000,1000,1000,,,
TYO-MAIN,abs,,7000,1500,1500,,,
TYO-MAIN,abs,,10000,3000,3000,,,
TYO-MAIN,abs,,15000,4000,4000,,,
TYO-MAIN,abs,,20000,5000,5000,,,
TYO-MAIN,abs,,30000,7000,7000,,,
TYO-MAIN,abs,,50000,10000,10000,,,
TYO-MAIN,abs,,70000,15000,15000,,,
TYO-MAIN,abs,,100000,30000,30000,,,
TYO-MAIN,abs,,150000,40000,40000,,,
TYO-MAIN,abs,,200000,50000,50000,,,
TYO-MAIN,abs,,300000,70000,70000,,,
TYO-MAIN,abs,,500000,100000,100000,,,
TYO-MAIN,abs,,700000,150000,150000,,,
TYO-MAIN,abs,,1000000,300000,300000,,,
TYO-MAIN,abs,,1500000,400000,400000,,,
TYO-MAIN,abs,,2000000,500000,500000,,,
TYO-MAIN,abs,,3000000,700000,700000,,,
TYO-MAIN,abs,,5000000,1000000,1000000,,,
TYO-MAIN,abs,,7000000,1500000,1500000,,,
TYO-MAIN,abs,,10000000,3000000,3000000,,,
TYO-MAIN,abs,,15000000,4000000,4000000,,,
TYO-MAIN,abs,,20000000,5000000,5000000,,,
TYO-MAIN,abs,,30000000,7000000,7000000,,,
TYO-MAIN,abs,,50000000,10000000,10000000,,,
JNX-MAIN,abs,,0,30,30,,,
JNX-MAIN,abs,,100,50,50,,,
JNX-MAIN,abs,,200,80,80,,,
JNX-MAIN,abs,,500,100,100,,,
JNX-MAIN,abs,,700,150,150,,,
JNX-MAIN,abs,,1000,300,300,,,
JNX-MAIN,abs,,1500,400,400,,,
JNX-MAIN,abs,,2000,500,500,,,
JNX-MAIN,abs,,3000,700,700,,,
JNX-MAIN,abs,,5000,1000,1000,,,
JNX-MAIN,abs,,7000,1500,1500,,,
JNX-MAIN,abs,,10000,3000,3000,,,
JNX-MAIN,abs,,15000,4000,4000,,,
JNX-MAIN,abs,,20000,5000,5000,,,
JNX-MAIN,abs,,30000,7000,7000,,,
JNX-MAIN,abs,,50000,10000,10000,,,
JNX-MAIN,abs,,70000,15000,15000,,,
JNX-MAIN,abs,,100000,30000,30000,,,
JNX-MAIN,abs,,150000,40000,40000,,,
JNX-MAIN,abs,,200000,50000,50000,,,
JNX-MAIN,abs,,300000,70000,70000,,,
JNX-MAIN,abs,,500000,100000,100000,,,
JNX-MAIN,abs,,700000,150000,150000,,,
JNX-MAIN,abs,,1000000,300000,300000,,,
JNX-MAIN,abs,,1500000,400000,400000,,,
JNX-MAIN,abs,,2000000,500000,500000,,,
JNX-MAIN,abs,,3000000,700000,700000,,,
JNX-MAIN,abs,,5000000,1000000,1000000,,,
JNX-MAIN,abs,,7000000,1500000,1500000,,,
JNX-MAIN,abs,,10000000,3000000,3000000,,,
JNX-MAIN,abs,,15000000,4000000,4000000,,,
JNX-MAIN,abs,,20000000,5000000,5000000,,,
JNX-MAIN,abs,,30000000,7000000,7000000,,,
JNX-MAIN,abs,,50000000,10000000,10000000,,,
CHJ-MAIN,abs,,0,30,30,,,
CHJ-MAIN,abs,,100,50,50,,,
CHJ-MAIN,abs,,200,80,80,,,
CHJ-MAIN,abs,,500,100,100,,,
CHJ-MAIN,abs,,700,150,150,,,
CHJ-MAIN,abs,,1000,300,300,,,
CHJ-MAIN,abs,,1500,400,400,,,
CHJ-MAIN,abs,,2000,500,500,,,
CHJ-MAIN,abs,,3000,700,700,,,
CHJ-MAIN,abs,,5000,1000,1000,,,
CHJ-MAIN,abs,,7000,1500,1500,,,
CHJ-MAIN,abs,,10000,3000,3000,,,
CHJ-MAIN,abs,,15000,4000,4000,,,
CHJ-MAIN,abs,,20000,5000,5000,,,
CHJ-MAIN,abs,,30000,7000,7000,,,
CHJ-MAIN,abs,,50000,10000,10000,,,
CHJ-MAIN,abs,,70000,15000,15000,,,
CHJ-MAIN,abs,,100000,30000,30000,,,
CHJ-MAIN,abs,,150000,40000,40000,,,
CHJ-MAIN,abs,,200000,50000,50000,,,
CHJ-MAIN,abs,,300000,70000,70000,,,
CHJ-MAIN,abs,,500000,100000,100000,,,
CHJ-MAIN,abs,,700000,150000,150000,,,
CHJ-MAIN,abs,,1000000,300000,300000,,,
CHJ-MAIN,abs,,1500000,400000,400000,,,
CHJ-MAIN,abs,,2000000,500000,500000,,,
CHJ-MAIN,abs,,3000000,700000,700000,,,
CHJ-MAIN,abs,,5000000,1000000,1000000,,,
CHJ-MAIN,abs,,7000000,1500000,1500000,,,
CHJ-MAIN,abs,,10000000,3000000,3000000,,,
CHJ-MAIN,abs,,15000000,4000000,4000000,,,
CHJ-MAIN,abs,,20000000,5000000,5000000,,,
CHJ-MAIN,abs,,30000000,7000000,7000000,,,
CHJ-MAIN,abs,,50000000,10000000,10000000,,,
JKT-MAIN,pct,,50,0.35,0.35,,,
JKT-MAIN,pct,,200,0.25,0.25,,,
JKT-MAIN,pct,,5000,0.20,0.20,,,
KOE-MAIN,pct,,0,0.30,0.30,,,
KOE-MAIN,pct,,0,0.30,0.30,leverage,,2
KOE-MAIN,pct,,0,0.30,0.30,leverege,,2
KOE-MAIN,pct,,0,0.30,0.30,0.5x,,
KOE-MAIN,pct,,0,0.30,0.30,2x,,2
KOE-MAIN,pct,,0,0.30,0.30,3x,,3
KOE-MAIN,pct,,0,0.30,0.30,inverse,,
KSC-MAIN,pct,,0,0.30,0.30,,,
KSC-MAIN,pct,,0,0.30,0.30,leverage,,2
KSC-MAIN,pct,,0,0.30,0.30,leverege,,2
KSC-MAIN,pct,,0,0.30,0.30,0.5x,,
KSC-MAIN,pct,,0,0.30,0.30,2x,,2
KSC-MAIN,pct,,0,0.30,0.30,3x,,3
KSC-MAIN,pct,,0,0.30,0.30,inverse,,
KLS-MAIN,pct,,0,0.30,0.30,,,
TAI-MAIN,pct,,0,0.10,0.10,,,
PHS-MAIN,pct,,0,0.30,0.30,,,
SHA-MAIN,pct,688,0,0.20,0.20,,,
SHA-MAIN,pct,,0,0.10,0.10,,,
SHH-MAIN,pct,688,0,0.20,0.20,,,
SHH-MAIN,pct,,0,0.10,0.10,,,
SSC-MAIN,pct,688,0,0.20,0.20,,,
SSC-MAIN,pct,,0,0.10,0.10,,,
SZA-MAIN,pct,300,0,0.20,0.20,,,
SZA-MAIN,pct,,0,0.10,0.10,,,
SHZ-MAIN,pct,300,0,0.20,0.20,,,
SHZ-MAIN,pct,,0,0.10,0.10,,,
SZC-MAIN,pct,300,0,0.20,0.20,,,
SZC-MAIN,pct,,0,0.10,0.10,,,
